company_id,metric_code,reporting_year,value,unit,is_estimated,data_source
COMP101,ENV_SCOPE1,2022,13464,tCO2e,Yes,Annual ESG Report
COMP101,ENV_SCOPE1,2023,12188,tCO2e,No,Annual ESG Report
COMP101,ENV_SCOPE1,2024,12575,tCO2e,No,Annual ESG Report
COMP101,ENV_SCOPE2,2022,174163,tCO2e,Yes,Annual ESG Report
COMP101,ENV_SCOPE2,2023,153741,tCO2e,Yes,Annual ESG Report
COMP101,ENV_SCOPE2,2024,140852,tCO2e,No,Annual ESG Report
COMP101,ENV_SCOPE3,2022,258650,tCO2e,No,Annual ESG Report
COMP101,ENV_SCOPE3,2023,292292,tCO2e,No,Annual ESG Report
COMP101,ENV_SCOPE3,2024,278026,tCO2e,No,Annual ESG Report
COMP101,ENV_ENERGY,2022,615012,MWh,Yes,Annual ESG Report
COMP101,ENV_ENERGY,2023,602380,MWh,No,Annual ESG Report
COMP101,ENV_ENERGY,2024,548181,MWh,No,Annual ESG Report
COMP101,ENV_RENEW_PCT,2022,23.17,%,No,Annual ESG Report
COMP101,ENV_RENEW_PCT,2023,21.4,%,Yes,Annual ESG Report
COMP101,ENV_RENEW_PCT,2024,25.53,%,No,Annual ESG Report
COMP101,ENV_WATER,2022,3.4,megalitres,No,Annual ESG Report
COMP101,ENV_WATER,2023,3.16,megalitres,No,Annual ESG Report
COMP101,ENV_WATER,2024,2.99,megalitres,No,Annual ESG Report
COMP101,ENV_EWASTE,2022,846,tonnes,No,Annual ESG Report
COMP101,ENV_EWASTE,2023,834,tonnes,No,Annual ESG Report
COMP101,ENV_EWASTE,2024,797,tonnes,Yes,Annual ESG Report
COMP101,ENV_EWASTE_REC_PCT,2022,77.8,%,No,Annual ESG Report
COMP101,ENV_EWASTE_REC_PCT,2023,78.15,%,No,Annual ESG Report
COMP101,ENV_EWASTE_REC_PCT,2024,80.72,%,No,Annual ESG Report
COMP101,ENV_DC_PUE,2022,1.382,ratio,No,Annual ESG Report
COMP101,ENV_DC_PUE,2023,1.298,ratio,No,Annual ESG Report
COMP101,ENV_DC_PUE,2024,1.25,ratio,No,Annual ESG Report
COMP101,SOC_HEADCOUNT,2022,30173,employees,No,Annual ESG Report
COMP101,SOC_HEADCOUNT,2023,28762,employees,No,Annual ESG Report
COMP101,SOC_HEADCOUNT,2024,29561,employees,No,Annual ESG Report
COMP101,SOC_FEMALE_PCT,2022,39.9,%,No,Annual ESG Report
COMP101,SOC_FEMALE_PCT,2023,38.08,%,No,Annual ESG Report
COMP101,SOC_FEMALE_PCT,2024,40.59,%,No,Annual ESG Report
COMP101,SOC_ATTRITION,2022,14.57,%,Yes,Annual ESG Report
COMP101,SOC_ATTRITION,2023,14.64,%,No,Annual ESG Report
COMP101,SOC_ATTRITION,2024,14.24,%,No,Annual ESG Report
COMP101,SOC_LTIFR,2022,1.07,per million hours,No,Annual ESG Report
COMP101,SOC_LTIFR,2023,0.98,per million hours,No,Annual ESG Report
COMP101,SOC_LTIFR,2024,0.96,per million hours,No,Annual ESG Report
COMP101,SOC_TRAINING_HRS,2022,41.3,hours,No,Annual ESG Report
COMP101,SOC_TRAINING_HRS,2023,45.1,hours,No,Annual ESG Report
COMP101,SOC_TRAINING_HRS,2024,47.0,hours,No,Annual ESG Report
COMP101,GOV_BOARD_INDEP_PCT,2022,59.94,%,No,Annual ESG Report
COMP101,GOV_BOARD_INDEP_PCT,2023,67.08,%,No,Annual ESG Report
COMP101,GOV_BOARD_INDEP_PCT,2024,59.21,%,Yes,Annual ESG Report
COMP101,GOV_WOMEN_BOARD_PCT,2022,22.95,%,No,Annual ESG Report
COMP101,GOV_WOMEN_BOARD_PCT,2023,26.39,%,No,Annual ESG Report
COMP101,GOV_WOMEN_BOARD_PCT,2024,24.14,%,No,Annual ESG Report
COMP101,GOV_DATA_BREACH,2022,0,incidents,No,Annual ESG Report
COMP101,GOV_DATA_BREACH,2023,0,incidents,No,Annual ESG Report
COMP101,GOV_DATA_BREACH,2024,0,incidents,No,Annual ESG Report
COMP101,GOV_ETHICS_TRAINING_PCT,2022,84.11,%,No,Annual ESG Report
COMP101,GOV_ETHICS_TRAINING_PCT,2023,80.25,%,No,Annual ESG Report
COMP101,GOV_ETHICS_TRAINING_PCT,2024,79.72,%,No,Annual ESG Report
COMP102,ENV_SCOPE1,2022,9152,tCO2e,No,Annual ESG Report
COMP102,ENV_SCOPE1,2023,9383,tCO2e,No,Annual ESG Report
COMP102,ENV_SCOPE1,2024,8483,tCO2e,No,Annual ESG Report
COMP102,ENV_SCOPE2,2022,124170,tCO2e,No,Annual ESG Report
COMP102,ENV_SCOPE2,2023,107087,tCO2e,No,Annual ESG Report
COMP102,ENV_SCOPE2,2024,106660,tCO2e,No,Annual ESG Report
COMP102,ENV_SCOPE3,2022,512248,tCO2e,No,Annual ESG Report
COMP102,ENV_SCOPE3,2023,523786,tCO2e,No,Annual ESG Report
COMP102,ENV_SCOPE3,2024,470410,tCO2e,No,Annual ESG Report
COMP102,ENV_ENERGY,2022,820189,MWh,No,Annual ESG Report
COMP102,ENV_ENERGY,2023,923492,MWh,No,Annual ESG Report
COMP102,ENV_ENERGY,2024,826691,MWh,Yes,Annual ESG Report
COMP102,ENV_RENEW_PCT,2022,58.19,%,No,Annual ESG Report
COMP102,ENV_RENEW_PCT,2023,54.31,%,No,Annual ESG Report
COMP102,ENV_RENEW_PCT,2024,57.22,%,No,Annual ESG Report
COMP102,ENV_WATER,2022,6.22,megalitres,Yes,Annual ESG Report
COMP102,ENV_WATER,2023,5.76,megalitres,No,Annual ESG Report
COMP102,ENV_WATER,2024,5.4,megalitres,No,Annual ESG Report
COMP102,ENV_EWASTE,2022,521,tonnes,No,Annual ESG Report
COMP102,ENV_EWASTE,2023,520,tonnes,No,Annual ESG Report
COMP102,ENV_EWASTE,2024,482,tonnes,No,Annual ESG Report
COMP102,ENV_EWASTE_REC_PCT,2022,67.33,%,No,Annual ESG Report
COMP102,ENV_EWASTE_REC_PCT,2023,63.62,%,No,Annual ESG Report
COMP102,ENV_EWASTE_REC_PCT,2024,62.12,%,No,Annual ESG Report
COMP102,ENV_DC_PUE,2022,1.553,ratio,No,Annual ESG Report
COMP102,ENV_DC_PUE,2023,1.495,ratio,No,Annual ESG Report
COMP102,ENV_DC_PUE,2024,1.426,ratio,No,Annual ESG Report
COMP102,SOC_HEADCOUNT,2022,7414,employees,No,Annual ESG Report
COMP102,SOC_HEADCOUNT,2023,8442,employees,Yes,Annual ESG Report
COMP102,SOC_HEADCOUNT,2024,7871,employees,No,Annual ESG Report
COMP102,SOC_FEMALE_PCT,2022,27.77,%,Yes,Annual ESG Report
COMP102,SOC_FEMALE_PCT,2023,31.75,%,No,Annual ESG Report
COMP102,SOC_FEMALE_PCT,2024,30.13,%,No,Annual ESG Report
COMP102,SOC_ATTRITION,2022,25.51,%,No,Annual ESG Report
COMP102,SOC_ATTRITION,2023,22.51,%,No,Annual ESG Report
COMP102,SOC_ATTRITION,2024,23.53,%,No,Annual ESG Report
COMP102,SOC_LTIFR,2022,0.59,per million hours,No,Annual ESG Report
COMP102,SOC_LTIFR,2023,0.58,per million hours,Yes,Annual ESG Report
COMP102,SOC_LTIFR,2024,0.51,per million hours,No,Annual ESG Report
COMP102,SOC_TRAINING_HRS,2022,77.4,hours,No,Annual ESG Report
COMP102,SOC_TRAINING_HRS,2023,72.4,hours,No,Annual ESG Report
COMP102,SOC_TRAINING_HRS,2024,78.1,hours,No,Annual ESG Report
COMP102,GOV_BOARD_INDEP_PCT,2022,43.31,%,No,Annual ESG Report
COMP102,GOV_BOARD_INDEP_PCT,2023,45.6,%,No,Annual ESG Report
COMP102,GOV_BOARD_INDEP_PCT,2024,47.3,%,Yes,Annual ESG Report
COMP102,GOV_WOMEN_BOARD_PCT,2022,46.04,%,No,Annual ESG Report
COMP102,GOV_WOMEN_BOARD_PCT,2023,47.2,%,No,Annual ESG Report
COMP102,GOV_WOMEN_BOARD_PCT,2024,47.71,%,No,Annual ESG Report
COMP102,GOV_DATA_BREACH,2022,3,incidents,No,Annual ESG Report
COMP102,GOV_DATA_BREACH,2023,3,incidents,Yes,Annual ESG Report
COMP102,GOV_DATA_BREACH,2024,2,incidents,No,Annual ESG Report
COMP102,GOV_ETHICS_TRAINING_PCT,2022,96.13,%,No,Annual ESG Report
COMP102,GOV_ETHICS_TRAINING_PCT,2023,100,%,No,Annual ESG Report
COMP102,GOV_ETHICS_TRAINING_PCT,2024,100,%,No,Annual ESG Report
COMP103,ENV_SCOPE1,2022,9393,tCO2e,No,Annual ESG Report
COMP103,ENV_SCOPE1,2023,8444,tCO2e,No,Annual ESG Report
COMP103,ENV_SCOPE1,2024,9208,tCO2e,No,Annual ESG Report
COMP103,ENV_SCOPE2,2022,118354,tCO2e,No,Annual ESG Report
COMP103,ENV_SCOPE2,2023,103769,tCO2e,No,Annual ESG Report
COMP103,ENV_SCOPE2,2024,105852,tCO2e,No,Annual ESG Report
COMP103,ENV_SCOPE3,2022,467632,tCO2e,No,Annual ESG Report
COMP103,ENV_SCOPE3,2023,470742,tCO2e,No,Annual ESG Report
COMP103,ENV_SCOPE3,2024,522364,tCO2e,No,Annual ESG Report
COMP103,ENV_ENERGY,2022,855166,MWh,Yes,Annual ESG Report
COMP103,ENV_ENERGY,2023,929789,MWh,No,Annual ESG Report
COMP103,ENV_ENERGY,2024,870245,MWh,No,Annual ESG Report
COMP103,ENV_RENEW_PCT,2022,54.65,%,No,Annual ESG Report
COMP103,ENV_RENEW_PCT,2023,58.9,%,No,Annual ESG Report
COMP103,ENV_RENEW_PCT,2024,59.07,%,No,Annual ESG Report
COMP103,ENV_WATER,2022,1.44,megalitres,No,Annual ESG Report
COMP103,ENV_WATER,2023,1.5,megalitres,No,Annual ESG Report
COMP103,ENV_WATER,2024,1.37,megalitres,No,Annual ESG Report
COMP103,ENV_EWASTE,2022,497,tonnes,No,Annual ESG Report
COMP103,ENV_EWASTE,2023,565,tonnes,No,Annual ESG Report
COMP103,ENV_EWASTE,2024,478,tonnes,No,Annual ESG Report
COMP103,ENV_EWASTE_REC_PCT,2022,60.46,%,No,Annual ESG Report
COMP103,ENV_EWASTE_REC_PCT,2023,68.64,%,No,Annual ESG Report
COMP103,ENV_EWASTE_REC_PCT,2024,65.19,%,No,Annual ESG Report
COMP103,ENV_DC_PUE,2022,1.684,ratio,No,Annual ESG Report
COMP103,ENV_DC_PUE,2023,1.594,ratio,No,Annual ESG Report
COMP103,ENV_DC_PUE,2024,1.572,ratio,Yes,Annual ESG Report
COMP103,SOC_HEADCOUNT,2022,8663,employees,No,Annual ESG Report
COMP103,SOC_HEADCOUNT,2023,8714,employees,No,Annual ESG Report
COMP103,SOC_HEADCOUNT,2024,8228,employees,Yes,Annual ESG Report
COMP103,SOC_FEMALE_PCT,2022,27.44,%,No,Annual ESG Report
COMP103,SOC_FEMALE_PCT,2023,28.78,%,No,Annual ESG Report
COMP103,SOC_FEMALE_PCT,2024,31.51,%,No,Annual ESG Report
COMP103,SOC_ATTRITION,2022,24.97,%,No,Annual ESG Report
COMP103,SOC_ATTRITION,2023,24.16,%,No,Annual ESG Report
COMP103,SOC_ATTRITION,2024,25.28,%,Yes,Annual ESG Report
COMP103,SOC_LTIFR,2022,0.57,per million hours,No,Annual ESG Report
COMP103,SOC_LTIFR,2023,0.51,per million hours,No,Annual ESG Report
COMP103,SOC_LTIFR,2024,0.53,per million hours,No,Annual ESG Report
COMP103,SOC_TRAINING_HRS,2022,76.5,hours,No,Annual ESG Report
COMP103,SOC_TRAINING_HRS,2023,75.7,hours,Yes,Annual ESG Report
COMP103,SOC_TRAINING_HRS,2024,74.1,hours,No,Annual ESG Report
COMP103,GOV_BOARD_INDEP_PCT,2022,48.42,%,No,Annual ESG Report
COMP103,GOV_BOARD_INDEP_PCT,2023,48.87,%,No,Annual ESG Report
COMP103,GOV_BOARD_INDEP_PCT,2024,44.64,%,Yes,Annual ESG Report
COMP103,GOV_WOMEN_BOARD_PCT,2022,41.58,%,No,Annual ESG Report
COMP103,GOV_WOMEN_BOARD_PCT,2023,46.28,%,No,Annual ESG Report
COMP103,GOV_WOMEN_BOARD_PCT,2024,48.38,%,No,Annual ESG Report
COMP103,GOV_DATA_BREACH,2022,3,incidents,Yes,Annual ESG Report
COMP103,GOV_DATA_BREACH,2023,3,incidents,No,Annual ESG Report
COMP103,GOV_DATA_BREACH,2024,2,incidents,No,Annual ESG Report
COMP103,GOV_ETHICS_TRAINING_PCT,2022,66.27,%,No,Annual ESG Report
COMP103,GOV_ETHICS_TRAINING_PCT,2023,75.73,%,No,Annual ESG Report
COMP103,GOV_ETHICS_TRAINING_PCT,2024,76.58,%,No,Annual ESG Report
COMP104,ENV_SCOPE1,2022,11162,tCO2e,No,Annual ESG Report
COMP104,ENV_SCOPE1,2023,11285,tCO2e,No,Annual ESG Report
COMP104,ENV_SCOPE1,2024,11651,tCO2e,No,Annual ESG Report
COMP104,ENV_SCOPE2,2022,158298,tCO2e,No,Annual ESG Report
COMP104,ENV_SCOPE2,2023,149847,tCO2e,Yes,Annual ESG Report
COMP104,ENV_SCOPE2,2024,143802,tCO2e,No,Annual ESG Report
COMP104,ENV_SCOPE3,2022,230966,tCO2e,No,Annual ESG Report
COMP104,ENV_SCOPE3,2023,244968,tCO2e,No,Annual ESG Report
COMP104,ENV_SCOPE3,2024,263246,tCO2e,No,Annual ESG Report
COMP104,ENV_ENERGY,2022,490992,MWh,No,Annual ESG Report
COMP104,ENV_ENERGY,2023,506557,MWh,No,Annual ESG Report
COMP104,ENV_ENERGY,2024,548356,MWh,No,Annual ESG Report
COMP104,ENV_RENEW_PCT,2022,72.2,%,No,Annual ESG Report
COMP104,ENV_RENEW_PCT,2023,80.6,%,No,Annual ESG Report
COMP104,ENV_RENEW_PCT,2024,84.63,%,Yes,Annual ESG Report
COMP104,ENV_WATER,2022,2.96,megalitres,No,Annual ESG Report
COMP104,ENV_WATER,2023,2.87,megalitres,No,Annual ESG Report
COMP104,ENV_WATER,2024,2.42,megalitres,No,Annual ESG Report
COMP104,ENV_EWASTE,2022,754,tonnes,No,Annual ESG Report
COMP104,ENV_EWASTE,2023,725,tonnes,No,Annual ESG Report
COMP104,ENV_EWASTE,2024,686,tonnes,No,Annual ESG Report
COMP104,ENV_EWASTE_REC_PCT,2022,73.13,%,No,Annual ESG Report
COMP104,ENV_EWASTE_REC_PCT,2023,72.14,%,No,Annual ESG Report
COMP104,ENV_EWASTE_REC_PCT,2024,81.18,%,No,Annual ESG Report
COMP104,ENV_DC_PUE,2022,1.36,ratio,No,Annual ESG Report
COMP104,ENV_DC_PUE,2023,1.255,ratio,Yes,Annual ESG Report
COMP104,ENV_DC_PUE,2024,1.29,ratio,No,Annual ESG Report
COMP104,SOC_HEADCOUNT,2022,22781,employees,No,Annual ESG Report
COMP104,SOC_HEADCOUNT,2023,25035,employees,No,Annual ESG Report
COMP104,SOC_HEADCOUNT,2024,24129,employees,No,Annual ESG Report
COMP104,SOC_FEMALE_PCT,2022,34.28,%,No,Annual ESG Report
COMP104,SOC_FEMALE_PCT,2023,33.4,%,No,Annual ESG Report
COMP104,SOC_FEMALE_PCT,2024,38.76,%,No,Annual ESG Report
COMP104,SOC_ATTRITION,2022,14.48,%,No,Annual ESG Report
COMP104,SOC_ATTRITION,2023,13.04,%,No,Annual ESG Report
COMP104,SOC_ATTRITION,2024,12.26,%,No,Annual ESG Report
COMP104,SOC_LTIFR,2022,0.88,per million hours,No,Annual ESG Report
COMP104,SOC_LTIFR,2023,0.86,per million hours,No,Annual ESG Report
COMP104,SOC_LTIFR,2024,0.79,per million hours,No,Annual ESG Report
COMP104,SOC_TRAINING_HRS,2022,37.3,hours,No,Annual ESG Report
COMP104,SOC_TRAINING_HRS,2023,40.8,hours,No,Annual ESG Report
COMP104,SOC_TRAINING_HRS,2024,37.8,hours,No,Annual ESG Report
COMP104,GOV_BOARD_INDEP_PCT,2022,57.76,%,No,Annual ESG Report
COMP104,GOV_BOARD_INDEP_PCT,2023,60.63,%,No,Annual ESG Report
COMP104,GOV_BOARD_INDEP_PCT,2024,60.45,%,No,Annual ESG Report
COMP104,GOV_WOMEN_BOARD_PCT,2022,20.19,%,Yes,Annual ESG Report
COMP104,GOV_WOMEN_BOARD_PCT,2023,20.95,%,No,Annual ESG Report
COMP104,GOV_WOMEN_BOARD_PCT,2024,23.74,%,Yes,Annual ESG Report
COMP104,GOV_DATA_BREACH,2022,4,incidents,No,Annual ESG Report
COMP104,GOV_DATA_BREACH,2023,4,incidents,No,Annual ESG Report
COMP104,GOV_DATA_BREACH,2024,4,incidents,No,Annual ESG Report
COMP104,GOV_ETHICS_TRAINING_PCT,2022,80.42,%,Yes,Annual ESG Report
COMP104,GOV_ETHICS_TRAINING_PCT,2023,83.24,%,No,Annual ESG Report
COMP104,GOV_ETHICS_TRAINING_PCT,2024,76.46,%,No,Annual ESG Report
COMP105,ENV_SCOPE1,2022,16062,tCO2e,No,Annual ESG Report
COMP105,ENV_SCOPE1,2023,16309,tCO2e,Yes,Annual ESG Report
COMP105,ENV_SCOPE1,2024,14959,tCO2e,No,Annual ESG Report
COMP105,ENV_SCOPE2,2022,88499,tCO2e,No,Annual ESG Report
COMP105,ENV_SCOPE2,2023,86934,tCO2e,No,Annual ESG Report
COMP105,ENV_SCOPE2,2024,81433,tCO2e,No,Annual ESG Report
COMP105,ENV_SCOPE3,2022,437590,tCO2e,No,Annual ESG Report
COMP105,ENV_SCOPE3,2023,434772,tCO2e,No,Annual ESG Report
COMP105,ENV_SCOPE3,2024,450924,tCO2e,No,Annual ESG Report
COMP105,ENV_ENERGY,2022,823722,MWh,No,Annual ESG Report
COMP105,ENV_ENERGY,2023,755934,MWh,No,Annual ESG Report
COMP105,ENV_ENERGY,2024,713451,MWh,No,Annual ESG Report
COMP105,ENV_RENEW_PCT,2022,44.13,%,No,Annual ESG Report
COMP105,ENV_RENEW_PCT,2023,45.78,%,No,Annual ESG Report
COMP105,ENV_RENEW_PCT,2024,44.2,%,No,Annual ESG Report
COMP105,ENV_WATER,2022,4.76,megalitres,No,Annual ESG Report
COMP105,ENV_WATER,2023,4.82,megalitres,Yes,Annual ESG Report
COMP105,ENV_WATER,2024,4.44,megalitres,No,Annual ESG Report
COMP105,ENV_EWASTE,2022,380,tonnes,Yes,Annual ESG Report
COMP105,ENV_EWASTE,2023,355,tonnes,No,Annual ESG Report
COMP105,ENV_EWASTE,2024,349,tonnes,No,Annual ESG Report
COMP105,ENV_EWASTE_REC_PCT,2022,50.78,%,No,Annual ESG Report
COMP105,ENV_EWASTE_REC_PCT,2023,53.7,%,No,Annual ESG Report
COMP105,ENV_EWASTE_REC_PCT,2024,57.64,%,No,Annual ESG Report
COMP105,ENV_DC_PUE,2022,1.475,ratio,Yes,Annual ESG Report
COMP105,ENV_DC_PUE,2023,1.439,ratio,No,Annual ESG Report
COMP105,ENV_DC_PUE,2024,1.525,ratio,No,Annual ESG Report
COMP105,SOC_HEADCOUNT,2022,49559,employees,No,Annual ESG Report
COMP105,SOC_HEADCOUNT,2023,52098,employees,No,Annual ESG Report
COMP105,SOC_HEADCOUNT,2024,50843,employees,No,Annual ESG Report
COMP105,SOC_FEMALE_PCT,2022,44.08,%,Yes,Annual ESG Report
COMP105,SOC_FEMALE_PCT,2023,44.24,%,No,Annual ESG Report
COMP105,SOC_FEMALE_PCT,2024,45.61,%,No,Annual ESG Report
COMP105,SOC_ATTRITION,2022,20.78,%,Yes,Annual ESG Report
COMP105,SOC_ATTRITION,2023,21.09,%,Yes,Annual ESG Report
COMP105,SOC_ATTRITION,2024,20.13,%,No,Annual ESG Report
COMP105,SOC_LTIFR,2022,0.3,per million hours,No,Annual ESG Report
COMP105,SOC_LTIFR,2023,0.29,per million hours,No,Annual ESG Report
COMP105,SOC_LTIFR,2024,0.27,per million hours,No,Annual ESG Report
COMP105,SOC_TRAINING_HRS,2022,58.9,hours,No,Annual ESG Report
COMP105,SOC_TRAINING_HRS,2023,67.0,hours,No,Annual ESG Report
COMP105,SOC_TRAINING_HRS,2024,69.4,hours,No,Annual ESG Report
COMP105,GOV_BOARD_INDEP_PCT,2022,72.99,%,Yes,Annual ESG Report
COMP105,GOV_BOARD_INDEP_PCT,2023,71.56,%,No,Annual ESG Report
COMP105,GOV_BOARD_INDEP_PCT,2024,85.36,%,No,Annual ESG Report
COMP105,GOV_WOMEN_BOARD_PCT,2022,36.65,%,No,Annual ESG Report
COMP105,GOV_WOMEN_BOARD_PCT,2023,37.76,%,No,Annual ESG Report
COMP105,GOV_WOMEN_BOARD_PCT,2024,40.67,%,No,Annual ESG Report
COMP105,GOV_DATA_BREACH,2022,2,incidents,No,Annual ESG Report
COMP105,GOV_DATA_BREACH,2023,2,incidents,No,Annual ESG Report
COMP105,GOV_DATA_BREACH,2024,2,incidents,No,Annual ESG Report
COMP105,GOV_ETHICS_TRAINING_PCT,2022,96.01,%,No,Annual ESG Report
COMP105,GOV_ETHICS_TRAINING_PCT,2023,89.86,%,No,Annual ESG Report
COMP105,GOV_ETHICS_TRAINING_PCT,2024,100,%,Yes,Annual ESG Report
COMP106,ENV_SCOPE1,2022,17637,tCO2e,No,Annual ESG Report
COMP106,ENV_SCOPE1,2023,15099,tCO2e,Yes,Annual ESG Report
COMP106,ENV_SCOPE1,2024,14973,tCO2e,No,Annual ESG Report
COMP106,ENV_SCOPE2,2022,93592,tCO2e,No,Annual ESG Report
COMP106,ENV_SCOPE2,2023,85690,tCO2e,Yes,Annual ESG Report
COMP106,ENV_SCOPE2,2024,80874,tCO2e,No,Annual ESG Report
COMP106,ENV_SCOPE3,2022,380327,tCO2e,No,Annual ESG Report
COMP106,ENV_SCOPE3,2023,437546,tCO2e,No,Annual ESG Report
COMP106,ENV_SCOPE3,2024,396834,tCO2e,No,Annual ESG Report
COMP106,ENV_ENERGY,2022,801162,MWh,No,Annual ESG Report
COMP106,ENV_ENERGY,2023,742562,MWh,No,Annual ESG Report
COMP106,ENV_ENERGY,2024,736542,MWh,No,Annual ESG Report
COMP106,ENV_RENEW_PCT,2022,43.77,%,No,Annual ESG Report
COMP106,ENV_RENEW_PCT,2023,41.16,%,No,Annual ESG Report
COMP106,ENV_RENEW_PCT,2024,47.43,%,No,Annual ESG Report
COMP106,ENV_WATER,2022,5.03,megalitres,No,Annual ESG Report
COMP106,ENV_WATER,2023,4.9,megalitres,No,Annual ESG Report
COMP106,ENV_WATER,2024,4.41,megalitres,No,Annual ESG Report
COMP106,ENV_EWASTE,2022,359,tonnes,No,Annual ESG Report
COMP106,ENV_EWASTE,2023,346,tonnes,No,Annual ESG Report
COMP106,ENV_EWASTE,2024,330,tonnes,No,Annual ESG Report
COMP106,ENV_EWASTE_REC_PCT,2022,53.35,%,Yes,Annual ESG Report
COMP106,ENV_EWASTE_REC_PCT,2023,55.38,%,No,Annual ESG Report
COMP106,ENV_EWASTE_REC_PCT,2024,53.41,%,No,Annual ESG Report
COMP106,ENV_DC_PUE,2022,1.468,ratio,Yes,Annual ESG Report
COMP106,ENV_DC_PUE,2023,1.55,ratio,No,Annual ESG Report
COMP106,ENV_DC_PUE,2024,1.371,ratio,No,Annual ESG Report
COMP106,SOC_HEADCOUNT,2022,48070,employees,No,Annual ESG Report
COMP106,SOC_HEADCOUNT,2023,52445,employees,No,Annual ESG Report
COMP106,SOC_HEADCOUNT,2024,48192,employees,No,Annual ESG Report
COMP106,SOC_FEMALE_PCT,2022,41.29,%,No,Annual ESG Report
COMP106,SOC_FEMALE_PCT,2023,45.02,%,No,Annual ESG Report
COMP106,SOC_FEMALE_PCT,2024,47.39,%,No,Annual ESG Report
COMP106,SOC_ATTRITION,2022,20.62,%,No,Annual ESG Report
COMP106,SOC_ATTRITION,2023,19.11,%,No,Annual ESG Report
COMP106,SOC_ATTRITION,2024,20.86,%,No,Annual ESG Report
COMP106,SOC_LTIFR,2022,0.31,per million hours,No,Annual ESG Report
COMP106,SOC_LTIFR,2023,0.29,per million hours,No,Annual ESG Report
COMP106,SOC_LTIFR,2024,0.28,per million hours,No,Annual ESG Report
COMP106,SOC_TRAINING_HRS,2022,63.0,hours,No,Annual ESG Report
COMP106,SOC_TRAINING_HRS,2023,60.9,hours,Yes,Annual ESG Report
COMP106,SOC_TRAINING_HRS,2024,62.6,hours,Yes,Annual ESG Report
COMP106,GOV_BOARD_INDEP_PCT,2022,75.79,%,No,Annual ESG Report
COMP106,GOV_BOARD_INDEP_PCT,2023,72.99,%,No,Annual ESG Report
COMP106,GOV_BOARD_INDEP_PCT,2024,78.18,%,No,Annual ESG Report
COMP106,GOV_WOMEN_BOARD_PCT,2022,38.0,%,No,Annual ESG Report
COMP106,GOV_WOMEN_BOARD_PCT,2023,35.11,%,Yes,Annual ESG Report
COMP106,GOV_WOMEN_BOARD_PCT,2024,35.6,%,No,Annual ESG Report
COMP106,GOV_DATA_BREACH,2022,2,incidents,Yes,Annual ESG Report
COMP106,GOV_DATA_BREACH,2023,2,incidents,No,Annual ESG Report
COMP106,GOV_DATA_BREACH,2024,2,incidents,No,Annual ESG Report
COMP106,GOV_ETHICS_TRAINING_PCT,2022,95.48,%,Yes,Annual ESG Report
COMP106,GOV_ETHICS_TRAINING_PCT,2023,99.98,%,No,Annual ESG Report
COMP106,GOV_ETHICS_TRAINING_PCT,2024,100,%,No,Annual ESG Report
COMP107,ENV_SCOPE1,2022,12598,tCO2e,No,Annual ESG Report
COMP107,ENV_SCOPE1,2023,11540,tCO2e,Yes,Annual ESG Report
COMP107,ENV_SCOPE1,2024,12469,tCO2e,No,Annual ESG Report
COMP107,ENV_SCOPE2,2022,165891,tCO2e,No,Annual ESG Report
COMP107,ENV_SCOPE2,2023,139659,tCO2e,No,Annual ESG Report
COMP107,ENV_SCOPE2,2024,131843,tCO2e,Yes,Annual ESG Report
COMP107,ENV_SCOPE3,2022,264634,tCO2e,No,Annual ESG Report
COMP107,ENV_SCOPE3,2023,288359,tCO2e,Yes,Annual ESG Report
COMP107,ENV_SCOPE3,2024,284009,tCO2e,No,Annual ESG Report
COMP107,ENV_ENERGY,2022,586574,MWh,No,Annual ESG Report
COMP107,ENV_ENERGY,2023,551274,MWh,No,Annual ESG Report
COMP107,ENV_ENERGY,2024,533149,MWh,No,Annual ESG Report
COMP107,ENV_RENEW_PCT,2022,79.58,%,No,Annual ESG Report
COMP107,ENV_RENEW_PCT,2023,79.73,%,No,Annual ESG Report
COMP107,ENV_RENEW_PCT,2024,85.82,%,No,Annual ESG Report
COMP107,ENV_WATER,2022,2.87,megalitres,No,Annual ESG Report
COMP107,ENV_WATER,2023,3.0,megalitres,No,Annual ESG Report
COMP107,ENV_WATER,2024,2.68,megalitres,Yes,Annual ESG Report
COMP107,ENV_EWASTE,2022,707,tonnes,No,Annual ESG Report
COMP107,ENV_EWASTE,2023,764,tonnes,No,Annual ESG Report
COMP107,ENV_EWASTE,2024,706,tonnes,No,Annual ESG Report
COMP107,ENV_EWASTE_REC_PCT,2022,81.46,%,No,Annual ESG Report
COMP107,ENV_EWASTE_REC_PCT,2023,83.7,%,No,Annual ESG Report
COMP107,ENV_EWASTE_REC_PCT,2024,87.48,%,No,Annual ESG Report
COMP107,ENV_DC_PUE,2022,1.367,ratio,No,Annual ESG Report
COMP107,ENV_DC_PUE,2023,1.29,ratio,No,Annual ESG Report
COMP107,ENV_DC_PUE,2024,1.309,ratio,No,Annual ESG Report
COMP107,SOC_HEADCOUNT,2022,28064,employees,Yes,Annual ESG Report
COMP107,SOC_HEADCOUNT,2023,26002,employees,No,Annual ESG Report
COMP107,SOC_HEADCOUNT,2024,29396,employees,No,Annual ESG Report
COMP107,SOC_FEMALE_PCT,2022,34.76,%,Yes,Annual ESG Report
COMP107,SOC_FEMALE_PCT,2023,37.81,%,No,Annual ESG Report
COMP107,SOC_FEMALE_PCT,2024,40.07,%,No,Annual ESG Report
COMP107,SOC_ATTRITION,2022,14.46,%,Yes,Annual ESG Report
COMP107,SOC_ATTRITION,2023,13.27,%,No,Annual ESG Report
COMP107,SOC_ATTRITION,2024,13.78,%,No,Annual ESG Report
COMP107,SOC_LTIFR,2022,0.89,per million hours,No,Annual ESG Report
COMP107,SOC_LTIFR,2023,0.95,per million hours,No,Annual ESG Report
COMP107,SOC_LTIFR,2024,0.92,per million hours,No,Annual ESG Report
COMP107,SOC_TRAINING_HRS,2022,41.5,hours,No,Annual ESG Report
COMP107,SOC_TRAINING_HRS,2023,38.9,hours,No,Annual ESG Report
COMP107,SOC_TRAINING_HRS,2024,43.4,hours,No,Annual ESG Report
COMP107,GOV_BOARD_INDEP_PCT,2022,62.8,%,No,Annual ESG Report
COMP107,GOV_BOARD_INDEP_PCT,2023,60.88,%,No,Annual ESG Report
COMP107,GOV_BOARD_INDEP_PCT,2024,61.15,%,Yes,Annual ESG Report
COMP107,GOV_WOMEN_BOARD_PCT,2022,22.39,%,No,Annual ESG Report
COMP107,GOV_WOMEN_BOARD_PCT,2023,24.28,%,No,Annual ESG Report
COMP107,GOV_WOMEN_BOARD_PCT,2024,23.66,%,No,Annual ESG Report
COMP107,GOV_DATA_BREACH,2022,5,incidents,No,Annual ESG Report
COMP107,GOV_DATA_BREACH,2023,5,incidents,No,Annual ESG Report
COMP107,GOV_DATA_BREACH,2024,4,incidents,No,Annual ESG Report
COMP107,GOV_ETHICS_TRAINING_PCT,2022,77.93,%,No,Annual ESG Report
COMP107,GOV_ETHICS_TRAINING_PCT,2023,80.55,%,No,Annual ESG Report
COMP107,GOV_ETHICS_TRAINING_PCT,2024,89.92,%,No,Annual ESG Report
COMP108,ENV_SCOPE1,2022,15002,tCO2e,No,Annual ESG Report
COMP108,ENV_SCOPE1,2023,13589,tCO2e,No,Annual ESG Report
COMP108,ENV_SCOPE1,2024,14270,tCO2e,No,Annual ESG Report
COMP108,ENV_SCOPE2,2022,192321,tCO2e,No,Annual ESG Report
COMP108,ENV_SCOPE2,2023,176789,tCO2e,No,Annual ESG Report
COMP108,ENV_SCOPE2,2024,164531,tCO2e,No,Annual ESG Report
COMP108,ENV_SCOPE3,2022,319781,tCO2e,No,Annual ESG Report
COMP108,ENV_SCOPE3,2023,353256,tCO2e,No,Annual ESG Report
COMP108,ENV_SCOPE3,2024,334666,tCO2e,No,Annual ESG Report
COMP108,ENV_ENERGY,2022,678122,MWh,Yes,Annual ESG Report
COMP108,ENV_ENERGY,2023,710958,MWh,No,Annual ESG Report
COMP108,ENV_ENERGY,2024,641618,MWh,Yes,Annual ESG Report
COMP108,ENV_RENEW_PCT,2022,32.76,%,No,Annual ESG Report
COMP108,ENV_RENEW_PCT,2023,34.12,%,No,Annual ESG Report
COMP108,ENV_RENEW_PCT,2024,33.58,%,No,Annual ESG Report
COMP108,ENV_WATER,2022,4.33,megalitres,No,Annual ESG Report
COMP108,ENV_WATER,2023,3.93,megalitres,No,Annual ESG Report
COMP108,ENV_WATER,2024,4.03,megalitres,No,Annual ESG Report
COMP108,ENV_EWASTE,2022,239,tonnes,No,Annual ESG Report
COMP108,ENV_EWASTE,2023,213,tonnes,No,Annual ESG Report
COMP108,ENV_EWASTE,2024,213,tonnes,No,Annual ESG Report
COMP108,ENV_EWASTE_REC_PCT,2022,89.76,%,No,Annual ESG Report
COMP108,ENV_EWASTE_REC_PCT,2023,89.13,%,No,Annual ESG Report
COMP108,ENV_EWASTE_REC_PCT,2024,96.35,%,No,Annual ESG Report
COMP108,ENV_DC_PUE,2022,1.42,ratio,Yes,Annual ESG Report
COMP108,ENV_DC_PUE,2023,1.402,ratio,No,Annual ESG Report
COMP108,ENV_DC_PUE,2024,1.376,ratio,No,Annual ESG Report
COMP108,SOC_HEADCOUNT,2022,38711,employees,No,Annual ESG Report
COMP108,SOC_HEADCOUNT,2023,38159,employees,No,Annual ESG Report
COMP108,SOC_HEADCOUNT,2024,41804,employees,No,Annual ESG Report
COMP108,SOC_FEMALE_PCT,2022,42.24,%,Yes,Annual ESG Report
COMP108,SOC_FEMALE_PCT,2023,42.89,%,No,Annual ESG Report
COMP108,SOC_FEMALE_PCT,2024,44.17,%,No,Annual ESG Report
COMP108,SOC_ATTRITION,2022,18.3,%,No,Annual ESG Report
COMP108,SOC_ATTRITION,2023,19.01,%,No,Annual ESG Report
COMP108,SOC_ATTRITION,2024,16.18,%,No,Annual ESG Report
COMP108,SOC_LTIFR,2022,1.21,per million hours,No,Annual ESG Report
COMP108,SOC_LTIFR,2023,1.2,per million hours,No,Annual ESG Report
COMP108,SOC_LTIFR,2024,1.08,per million hours,No,Annual ESG Report
COMP108,SOC_TRAINING_HRS,2022,53.4,hours,No,Annual ESG Report
COMP108,SOC_TRAINING_HRS,2023,55.0,hours,No,Annual ESG Report
COMP108,SOC_TRAINING_HRS,2024,55.5,hours,No,Annual ESG Report
COMP108,GOV_BOARD_INDEP_PCT,2022,66.09,%,No,Annual ESG Report
COMP108,GOV_BOARD_INDEP_PCT,2023,70.86,%,No,Annual ESG Report
COMP108,GOV_BOARD_INDEP_PCT,2024,74.53,%,No,Annual ESG Report
COMP108,GOV_WOMEN_BOARD_PCT,2022,29.1,%,No,Annual ESG Report
COMP108,GOV_WOMEN_BOARD_PCT,2023,31.63,%,No,Annual ESG Report
COMP108,GOV_WOMEN_BOARD_PCT,2024,33.32,%,Yes,Annual ESG Report
COMP108,GOV_DATA_BREACH,2022,1,incidents,No,Annual ESG Report
COMP108,GOV_DATA_BREACH,2023,1,incidents,No,Annual ESG Report
COMP108,GOV_DATA_BREACH,2024,1,incidents,No,Annual ESG Report
COMP108,GOV_ETHICS_TRAINING_PCT,2022,81.34,%,No,Annual ESG Report
COMP108,GOV_ETHICS_TRAINING_PCT,2023,93.94,%,No,Annual ESG Report
COMP108,GOV_ETHICS_TRAINING_PCT,2024,93.2,%,No,Annual ESG Report
COMP109,ENV_SCOPE1,2022,9960,tCO2e,No,Annual ESG Report
COMP109,ENV_SCOPE1,2023,9970,tCO2e,No,Annual ESG Report
COMP109,ENV_SCOPE1,2024,9320,tCO2e,No,Annual ESG Report
COMP109,ENV_SCOPE2,2022,136141,tCO2e,No,Annual ESG Report
COMP109,ENV_SCOPE2,2023,121226,tCO2e,Yes,Annual ESG Report
COMP109,ENV_SCOPE2,2024,128442,tCO2e,No,Annual ESG Report
COMP109,ENV_SCOPE3,2022,186722,tCO2e,No,Annual ESG Report
COMP109,ENV_SCOPE3,2023,187350,tCO2e,No,Annual ESG Report
COMP109,ENV_SCOPE3,2024,194617,tCO2e,No,Annual ESG Report
COMP109,ENV_ENERGY,2022,428038,MWh,No,Annual ESG Report
COMP109,ENV_ENERGY,2023,484432,MWh,No,Annual ESG Report
COMP109,ENV_ENERGY,2024,421518,MWh,No,Annual ESG Report
COMP109,ENV_RENEW_PCT,2022,61.67,%,No,Annual ESG Report
COMP109,ENV_RENEW_PCT,2023,68.51,%,No,Annual ESG Report
COMP109,ENV_RENEW_PCT,2024,67.99,%,No,Annual ESG Report
COMP109,ENV_WATER,2022,2.04,megalitres,No,Annual ESG Report
COMP109,ENV_WATER,2023,2.08,megalitres,No,Annual ESG Report
COMP109,ENV_WATER,2024,2.04,megalitres,No,Annual ESG Report
COMP109,ENV_EWASTE,2022,684,tonnes,No,Annual ESG Report
COMP109,ENV_EWASTE,2023,669,tonnes,No,Annual ESG Report
COMP109,ENV_EWASTE,2024,587,tonnes,No,Annual ESG Report
COMP109,ENV_EWASTE_REC_PCT,2022,71.75,%,No,Annual ESG Report
COMP109,ENV_EWASTE_REC_PCT,2023,66.59,%,No,Annual ESG Report
COMP109,ENV_EWASTE_REC_PCT,2024,73.82,%,No,Annual ESG Report
COMP109,ENV_DC_PUE,2022,1.213,ratio,No,Annual ESG Report
COMP109,ENV_DC_PUE,2023,1.252,ratio,No,Annual ESG Report
COMP109,ENV_DC_PUE,2024,1.232,ratio,No,Annual ESG Report
COMP109,SOC_HEADCOUNT,2022,16568,employees,No,Annual ESG Report
COMP109,SOC_HEADCOUNT,2023,17016,employees,No,Annual ESG Report
COMP109,SOC_HEADCOUNT,2024,17427,employees,No,Annual ESG Report
COMP109,SOC_FEMALE_PCT,2022,32.89,%,No,Annual ESG Report
COMP109,SOC_FEMALE_PCT,2023,32.47,%,No,Annual ESG Report
COMP109,SOC_FEMALE_PCT,2024,34.67,%,Yes,Annual ESG Report
COMP109,SOC_ATTRITION,2022,11.21,%,No,Annual ESG Report
COMP109,SOC_ATTRITION,2023,10.88,%,Yes,Annual ESG Report
COMP109,SOC_ATTRITION,2024,11.43,%,No,Annual ESG Report
COMP109,SOC_LTIFR,2022,0.74,per million hours,No,Annual ESG Report
COMP109,SOC_LTIFR,2023,0.74,per million hours,No,Annual ESG Report
COMP109,SOC_LTIFR,2024,0.7,per million hours,No,Annual ESG Report
COMP109,SOC_TRAINING_HRS,2022,32.3,hours,No,Annual ESG Report
COMP109,SOC_TRAINING_HRS,2023,31.2,hours,Yes,Annual ESG Report
COMP109,SOC_TRAINING_HRS,2024,35.7,hours,Yes,Annual ESG Report
COMP109,GOV_BOARD_INDEP_PCT,2022,55.02,%,No,Annual ESG Report
COMP109,GOV_BOARD_INDEP_PCT,2023,54.1,%,No,Annual ESG Report
COMP109,GOV_BOARD_INDEP_PCT,2024,57.23,%,No,Annual ESG Report
COMP109,GOV_WOMEN_BOARD_PCT,2022,16.82,%,No,Annual ESG Report
COMP109,GOV_WOMEN_BOARD_PCT,2023,16.33,%,No,Annual ESG Report
COMP109,GOV_WOMEN_BOARD_PCT,2024,18.09,%,No,Annual ESG Report
COMP109,GOV_DATA_BREACH,2022,4,incidents,No,Annual ESG Report
COMP109,GOV_DATA_BREACH,2023,4,incidents,No,Annual ESG Report
COMP109,GOV_DATA_BREACH,2024,3,incidents,No,Annual ESG Report
COMP109,GOV_ETHICS_TRAINING_PCT,2022,68.78,%,No,Annual ESG Report
COMP109,GOV_ETHICS_TRAINING_PCT,2023,76.67,%,No,Annual ESG Report
COMP109,GOV_ETHICS_TRAINING_PCT,2024,73.97,%,Yes,Annual ESG Report
COMP110,ENV_SCOPE1,2022,16377,tCO2e,No,Annual ESG Report
COMP110,ENV_SCOPE1,2023,14474,tCO2e,No,Annual ESG Report
COMP110,ENV_SCOPE1,2024,13499,tCO2e,No,Annual ESG Report
COMP110,ENV_SCOPE2,2022,186649,tCO2e,No,Annual ESG Report
COMP110,ENV_SCOPE2,2023,171249,tCO2e,No,Annual ESG Report
COMP110,ENV_SCOPE2,2024,163303,tCO2e,No,Annual ESG Report
COMP110,ENV_SCOPE3,2022,373775,tCO2e,No,Annual ESG Report
COMP110,ENV_SCOPE3,2023,397609,tCO2e,No,Annual ESG Report
COMP110,ENV_SCOPE3,2024,393072,tCO2e,No,Annual ESG Report
COMP110,ENV_ENERGY,2022,696385,MWh,Yes,Annual ESG Report
COMP110,ENV_ENERGY,2023,690701,MWh,No,Annual ESG Report
COMP110,ENV_ENERGY,2024,726724,MWh,Yes,Annual ESG Report
COMP110,ENV_RENEW_PCT,2022,34.07,%,No,Annual ESG Report
COMP110,ENV_RENEW_PCT,2023,39.54,%,No,Annual ESG Report
COMP110,ENV_RENEW_PCT,2024,36.47,%,No,Annual ESG Report
COMP110,ENV_WATER,2022,4.35,megalitres,No,Annual ESG Report
COMP110,ENV_WATER,2023,4.1,megalitres,No,Annual ESG Report
COMP110,ENV_WATER,2024,3.86,megalitres,Yes,Annual ESG Report
COMP110,ENV_EWASTE,2022,287,tonnes,No,Annual ESG Report
COMP110,ENV_EWASTE,2023,274,tonnes,No,Annual ESG Report
COMP110,ENV_EWASTE,2024,265,tonnes,Yes,Annual ESG Report
COMP110,ENV_EWASTE_REC_PCT,2022,97.13,%,No,Annual ESG Report
COMP110,ENV_EWASTE_REC_PCT,2023,89.93,%,No,Annual ESG Report
COMP110,ENV_EWASTE_REC_PCT,2024,91.64,%,No,Annual ESG Report
COMP110,ENV_DC_PUE,2022,1.381,ratio,No,Annual ESG Report
COMP110,ENV_DC_PUE,2023,1.504,ratio,No,Annual ESG Report
COMP110,ENV_DC_PUE,2024,1.312,ratio,No,Annual ESG Report
COMP110,SOC_HEADCOUNT,2022,39280,employees,No,Annual ESG Report
COMP110,SOC_HEADCOUNT,2023,41456,employees,Yes,Annual ESG Report
COMP110,SOC_HEADCOUNT,2024,43431,employees,No,Annual ESG Report
COMP110,SOC_FEMALE_PCT,2022,42.88,%,Yes,Annual ESG Report
COMP110,SOC_FEMALE_PCT,2023,39.33,%,No,Annual ESG Report
COMP110,SOC_FEMALE_PCT,2024,41.65,%,No,Annual ESG Report
COMP110,SOC_ATTRITION,2022,17.85,%,Yes,Annual ESG Report
COMP110,SOC_ATTRITION,2023,19.37,%,No,Annual ESG Report
COMP110,SOC_ATTRITION,2024,19.18,%,No,Annual ESG Report
COMP110,SOC_LTIFR,2022,0.18,per million hours,No,Annual ESG Report
COMP110,SOC_LTIFR,2023,0.15,per million hours,No,Annual ESG Report
COMP110,SOC_LTIFR,2024,0.16,per million hours,Yes,Annual ESG Report
COMP110,SOC_TRAINING_HRS,2022,57.4,hours,No,Annual ESG Report
COMP110,SOC_TRAINING_HRS,2023,57.3,hours,No,Annual ESG Report
COMP110,SOC_TRAINING_HRS,2024,63.8,hours,Yes,Annual ESG Report
COMP110,GOV_BOARD_INDEP_PCT,2022,70.28,%,No,Annual ESG Report
COMP110,GOV_BOARD_INDEP_PCT,2023,74.07,%,No,Annual ESG Report
COMP110,GOV_BOARD_INDEP_PCT,2024,78.15,%,Yes,Annual ESG Report
COMP110,GOV_WOMEN_BOARD_PCT,2022,29.56,%,No,Annual ESG Report
COMP110,GOV_WOMEN_BOARD_PCT,2023,30.36,%,No,Annual ESG Report
COMP110,GOV_WOMEN_BOARD_PCT,2024,34.3,%,No,Annual ESG Report
COMP110,GOV_DATA_BREACH,2022,1,incidents,No,Annual ESG Report
COMP110,GOV_DATA_BREACH,2023,1,incidents,No,Annual ESG Report
COMP110,GOV_DATA_BREACH,2024,1,incidents,Yes,Annual ESG Report
COMP110,GOV_ETHICS_TRAINING_PCT,2022,91.8,%,No,Annual ESG Report
COMP110,GOV_ETHICS_TRAINING_PCT,2023,92.9,%,No,Annual ESG Report
COMP110,GOV_ETHICS_TRAINING_PCT,2024,95.76,%,No,Annual ESG Report
COMP111,ENV_SCOPE1,2022,14715,tCO2e,No,Annual ESG Report
COMP111,ENV_SCOPE1,2023,13870,tCO2e,No,Annual ESG Report
COMP111,ENV_SCOPE1,2024,13460,tCO2e,Yes,Annual ESG Report
COMP111,ENV_SCOPE2,2022,181646,tCO2e,No,Annual ESG Report
COMP111,ENV_SCOPE2,2023,171098,tCO2e,No,Annual ESG Report
COMP111,ENV_SCOPE2,2024,176615,tCO2e,Yes,Annual ESG Report
COMP111,ENV_SCOPE3,2022,355890,tCO2e,Yes,Annual ESG Report
COMP111,ENV_SCOPE3,2023,322458,tCO2e,No,Annual ESG Report
COMP111,ENV_SCOPE3,2024,369000,tCO2e,No,Annual ESG Report
COMP111,ENV_ENERGY,2022,678255,MWh,No,Annual ESG Report
COMP111,ENV_ENERGY,2023,637750,MWh,Yes,Annual ESG Report
COMP111,ENV_ENERGY,2024,627196,MWh,No,Annual ESG Report
COMP111,ENV_RENEW_PCT,2022,31.96,%,No,Annual ESG Report
COMP111,ENV_RENEW_PCT,2023,33.72,%,No,Annual ESG Report
COMP111,ENV_RENEW_PCT,2024,34.96,%,No,Annual ESG Report
COMP111,ENV_WATER,2022,4.04,megalitres,No,Annual ESG Report
COMP111,ENV_WATER,2023,3.97,megalitres,No,Annual ESG Report
COMP111,ENV_WATER,2024,3.51,megalitres,No,Annual ESG Report
COMP111,ENV_EWASTE,2022,216,tonnes,No,Annual ESG Report
COMP111,ENV_EWASTE,2023,218,tonnes,No,Annual ESG Report
COMP111,ENV_EWASTE,2024,223,tonnes,No,Annual ESG Report
COMP111,ENV_EWASTE_REC_PCT,2022,93.86,%,No,Annual ESG Report
COMP111,ENV_EWASTE_REC_PCT,2023,94.09,%,Yes,Annual ESG Report
COMP111,ENV_EWASTE_REC_PCT,2024,100,%,No,Annual ESG Report
COMP111,ENV_DC_PUE,2022,1.366,ratio,No,Annual ESG Report
COMP111,ENV_DC_PUE,2023,1.436,ratio,No,Annual ESG Report
COMP111,ENV_DC_PUE,2024,1.328,ratio,Yes,Annual ESG Report
COMP111,SOC_HEADCOUNT,2022,40890,employees,No,Annual ESG Report
COMP111,SOC_HEADCOUNT,2023,39132,employees,Yes,Annual ESG Report
COMP111,SOC_HEADCOUNT,2024,41793,employees,Yes,Annual ESG Report
COMP111,SOC_FEMALE_PCT,2022,41.91,%,No,Annual ESG Report
COMP111,SOC_FEMALE_PCT,2023,40.6,%,No,Annual ESG Report
COMP111,SOC_FEMALE_PCT,2024,41.06,%,No,Annual ESG Report
COMP111,SOC_ATTRITION,2022,18.51,%,No,Annual ESG Report
COMP111,SOC_ATTRITION,2023,16.38,%,Yes,Annual ESG Report
COMP111,SOC_ATTRITION,2024,16.42,%,No,Annual ESG Report
COMP111,SOC_LTIFR,2022,1.22,per million hours,No,Annual ESG Report
COMP111,SOC_LTIFR,2023,1.16,per million hours,No,Annual ESG Report
COMP111,SOC_LTIFR,2024,1.06,per million hours,No,Annual ESG Report
COMP111,SOC_TRAINING_HRS,2022,53.3,hours,Yes,Annual ESG Report
COMP111,SOC_TRAINING_HRS,2023,52.7,hours,No,Annual ESG Report
COMP111,SOC_TRAINING_HRS,2024,56.9,hours,No,Annual ESG Report
COMP111,GOV_BOARD_INDEP_PCT,2022,69.37,%,Yes,Annual ESG Report
COMP111,GOV_BOARD_INDEP_PCT,2023,67.76,%,No,Annual ESG Report
COMP111,GOV_BOARD_INDEP_PCT,2024,64.73,%,No,Annual ESG Report
COMP111,GOV_WOMEN_BOARD_PCT,2022,28.1,%,Yes,Annual ESG Report
COMP111,GOV_WOMEN_BOARD_PCT,2023,29.16,%,No,Annual ESG Report
COMP111,GOV_WOMEN_BOARD_PCT,2024,28.77,%,No,Annual ESG Report
COMP111,GOV_DATA_BREACH,2022,1,incidents,No,Annual ESG Report
COMP111,GOV_DATA_BREACH,2023,1,incidents,No,Annual ESG Report
COMP111,GOV_DATA_BREACH,2024,1,incidents,No,Annual ESG Report
COMP111,GOV_ETHICS_TRAINING_PCT,2022,80.77,%,No,Annual ESG Report
COMP111,GOV_ETHICS_TRAINING_PCT,2023,81.97,%,Yes,Annual ESG Report
COMP111,GOV_ETHICS_TRAINING_PCT,2024,96.26,%,No,Annual ESG Report
COMP112,ENV_SCOPE1,2022,15647,tCO2e,No,Annual ESG Report
COMP112,ENV_SCOPE1,2023,15339,tCO2e,No,Annual ESG Report
COMP112,ENV_SCOPE1,2024,13347,tCO2e,Yes,Annual ESG Report
COMP112,ENV_SCOPE2,2022,185995,tCO2e,No,Annual ESG Report
COMP112,ENV_SCOPE2,2023,185228,tCO2e,No,Annual ESG Report
COMP112,ENV_SCOPE2,2024,183791,tCO2e,Yes,Annual ESG Report
COMP112,ENV_SCOPE3,2022,379842,tCO2e,No,Annual ESG Report
COMP112,ENV_SCOPE3,2023,372421,tCO2e,No,Annual ESG Report
COMP112,ENV_SCOPE3,2024,368156,tCO2e,No,Annual ESG Report
COMP112,ENV_ENERGY,2022,682513,MWh,No,Annual ESG Report
COMP112,ENV_ENERGY,2023,650038,MWh,No,Annual ESG Report
COMP112,ENV_ENERGY,2024,630951,MWh,No,Annual ESG Report
COMP112,ENV_RENEW_PCT,2022,36.41,%,No,Annual ESG Report
COMP112,ENV_RENEW_PCT,2023,37.56,%,No,Annual ESG Report
COMP112,ENV_RENEW_PCT,2024,40.22,%,No,Annual ESG Report
COMP112,ENV_WATER,2022,4.03,megalitres,No,Annual ESG Report
COMP112,ENV_WATER,2023,4.21,megalitres,No,Annual ESG Report
COMP112,ENV_WATER,2024,4.12,megalitres,No,Annual ESG Report
COMP112,ENV_EWASTE,2022,276,tonnes,No,Annual ESG Report
COMP112,ENV_EWASTE,2023,270,tonnes,No,Annual ESG Report
COMP112,ENV_EWASTE,2024,252,tonnes,No,Annual ESG Report
COMP112,ENV_EWASTE_REC_PCT,2022,93.29,%,No,Annual ESG Report
COMP112,ENV_EWASTE_REC_PCT,2023,97.0,%,No,Annual ESG Report
COMP112,ENV_EWASTE_REC_PCT,2024,99.87,%,No,Annual ESG Report
COMP112,ENV_DC_PUE,2022,1.345,ratio,No,Annual ESG Report
COMP112,ENV_DC_PUE,2023,1.371,ratio,No,Annual ESG Report
COMP112,ENV_DC_PUE,2024,1.288,ratio,No,Annual ESG Report
COMP112,SOC_HEADCOUNT,2022,40794,employees,No,Annual ESG Report
COMP112,SOC_HEADCOUNT,2023,40260,employees,No,Annual ESG Report
COMP112,SOC_HEADCOUNT,2024,41574,employees,No,Annual ESG Report
COMP112,SOC_FEMALE_PCT,2022,43.94,%,No,Annual ESG Report
COMP112,SOC_FEMALE_PCT,2023,42.46,%,No,Annual ESG Report
COMP112,SOC_FEMALE_PCT,2024,43.62,%,No,Annual ESG Report
COMP112,SOC_ATTRITION,2022,19.85,%,No,Annual ESG Report
COMP112,SOC_ATTRITION,2023,19.4,%,No,Annual ESG Report
COMP112,SOC_ATTRITION,2024,17.77,%,No,Annual ESG Report
COMP112,SOC_LTIFR,2022,0.15,per million hours,Yes,Annual ESG Report
COMP112,SOC_LTIFR,2023,0.14,per million hours,No,Annual ESG Report
COMP112,SOC_LTIFR,2024,0.14,per million hours,No,Annual ESG Report
COMP112,SOC_TRAINING_HRS,2022,54.4,hours,No,Annual ESG Report
COMP112,SOC_TRAINING_HRS,2023,54.3,hours,No,Annual ESG Report
COMP112,SOC_TRAINING_HRS,2024,58.2,hours,No,Annual ESG Report
COMP112,GOV_BOARD_INDEP_PCT,2022,66.25,%,No,Annual ESG Report
COMP112,GOV_BOARD_INDEP_PCT,2023,69.0,%,No,Annual ESG Report
COMP112,GOV_BOARD_INDEP_PCT,2024,71.0,%,No,Annual ESG Report
COMP112,GOV_WOMEN_BOARD_PCT,2022,32.8,%,No,Annual ESG Report
COMP112,GOV_WOMEN_BOARD_PCT,2023,30.05,%,Yes,Annual ESG Report
COMP112,GOV_WOMEN_BOARD_PCT,2024,34.18,%,No,Annual ESG Report
COMP112,GOV_DATA_BREACH,2022,1,incidents,No,Annual ESG Report
COMP112,GOV_DATA_BREACH,2023,1,incidents,No,Annual ESG Report
COMP112,GOV_DATA_BREACH,2024,1,incidents,No,Annual ESG Report
COMP112,GOV_ETHICS_TRAINING_PCT,2022,83.52,%,No,Annual ESG Report
COMP112,GOV_ETHICS_TRAINING_PCT,2023,97.13,%,No,Annual ESG Report
COMP112,GOV_ETHICS_TRAINING_PCT,2024,90.55,%,No,Annual ESG Report
COMP113,ENV_SCOPE1,2022,18726,tCO2e,No,Annual ESG Report
COMP113,ENV_SCOPE1,2023,16469,tCO2e,No,Annual ESG Report
COMP113,ENV_SCOPE1,2024,16907,tCO2e,No,Annual ESG Report
COMP113,ENV_SCOPE2,2022,100884,tCO2e,No,Annual ESG Report
COMP113,ENV_SCOPE2,2023,93749,tCO2e,No,Annual ESG Report
COMP113,ENV_SCOPE2,2024,88271,tCO2e,No,Annual ESG Report
COMP113,ENV_SCOPE3,2022,421863,tCO2e,No,Annual ESG Report
COMP113,ENV_SCOPE3,2023,417517,tCO2e,No,Annual ESG Report
COMP113,ENV_SCOPE3,2024,480792,tCO2e,No,Annual ESG Report
COMP113,ENV_ENERGY,2022,767388,MWh,Yes,Annual ESG Report
COMP113,ENV_ENERGY,2023,733244,MWh,No,Annual ESG Report
COMP113,ENV_ENERGY,2024,721235,MWh,No,Annual ESG Report
COMP113,ENV_RENEW_PCT,2022,47.84,%,No,Annual ESG Report
COMP113,ENV_RENEW_PCT,2023,44.57,%,No,Annual ESG Report
COMP113,ENV_RENEW_PCT,2024,53.03,%,Yes,Annual ESG Report
COMP113,ENV_WATER,2022,5.09,megalitres,No,Annual ESG Report
COMP113,ENV_WATER,2023,5.3,megalitres,No,Annual ESG Report
COMP113,ENV_WATER,2024,5.12,megalitres,No,Annual ESG Report
COMP113,ENV_EWASTE,2022,403,tonnes,No,Annual ESG Report
COMP113,ENV_EWASTE,2023,410,tonnes,No,Annual ESG Report
COMP113,ENV_EWASTE,2024,387,tonnes,No,Annual ESG Report
COMP113,ENV_EWASTE_REC_PCT,2022,56.28,%,No,Annual ESG Report
COMP113,ENV_EWASTE_REC_PCT,2023,56.06,%,No,Annual ESG Report
COMP113,ENV_EWASTE_REC_PCT,2024,60.21,%,No,Annual ESG Report
COMP113,ENV_DC_PUE,2022,1.608,ratio,No,Annual ESG Report
COMP113,ENV_DC_PUE,2023,1.602,ratio,No,Annual ESG Report
COMP113,ENV_DC_PUE,2024,1.456,ratio,No,Annual ESG Report
COMP113,SOC_HEADCOUNT,2022,52283,employees,No,Annual ESG Report
COMP113,SOC_HEADCOUNT,2023,58984,employees,No,Annual ESG Report
COMP113,SOC_HEADCOUNT,2024,59210,employees,Yes,Annual ESG Report
COMP113,SOC_FEMALE_PCT,2022,24.63,%,No,Annual ESG Report
COMP113,SOC_FEMALE_PCT,2023,27.74,%,No,Annual ESG Report
COMP113,SOC_FEMALE_PCT,2024,24.99,%,No,Annual ESG Report
COMP113,SOC_ATTRITION,2022,22.95,%,No,Annual ESG Report
COMP113,SOC_ATTRITION,2023,22.42,%,No,Annual ESG Report
COMP113,SOC_ATTRITION,2024,22.68,%,Yes,Annual ESG Report
COMP113,SOC_LTIFR,2022,0.38,per million hours,No,Annual ESG Report
COMP113,SOC_LTIFR,2023,0.35,per million hours,No,Annual ESG Report
COMP113,SOC_LTIFR,2024,0.34,per million hours,Yes,Annual ESG Report
COMP113,SOC_TRAINING_HRS,2022,60.0,hours,No,Annual ESG Report
COMP113,SOC_TRAINING_HRS,2023,64.3,hours,No,Annual ESG Report
COMP113,SOC_TRAINING_HRS,2024,68.4,hours,Yes,Annual ESG Report
COMP113,GOV_BOARD_INDEP_PCT,2022,83.63,%,No,Annual ESG Report
COMP113,GOV_BOARD_INDEP_PCT,2023,81.72,%,No,Annual ESG Report
COMP113,GOV_BOARD_INDEP_PCT,2024,76.65,%,No,Annual ESG Report
COMP113,GOV_WOMEN_BOARD_PCT,2022,39.45,%,No,Annual ESG Report
COMP113,GOV_WOMEN_BOARD_PCT,2023,36.36,%,No,Annual ESG Report
COMP113,GOV_WOMEN_BOARD_PCT,2024,39.39,%,Yes,Annual ESG Report
COMP113,GOV_DATA_BREACH,2022,2,incidents,No,Annual ESG Report
COMP113,GOV_DATA_BREACH,2023,2,incidents,No,Annual ESG Report
COMP113,GOV_DATA_BREACH,2024,2,incidents,No,Annual ESG Report
COMP113,GOV_ETHICS_TRAINING_PCT,2022,88.83,%,No,Annual ESG Report
COMP113,GOV_ETHICS_TRAINING_PCT,2023,93.54,%,Yes,Annual ESG Report
COMP113,GOV_ETHICS_TRAINING_PCT,2024,97.25,%,No,Annual ESG Report
COMP114,ENV_SCOPE1,2022,15404,tCO2e,Yes,Annual ESG Report
COMP114,ENV_SCOPE1,2023,15855,tCO2e,No,Annual ESG Report
COMP114,ENV_SCOPE1,2024,13165,tCO2e,No,Annual ESG Report
COMP114,ENV_SCOPE2,2022,184034,tCO2e,Yes,Annual ESG Report
COMP114,ENV_SCOPE2,2023,180297,tCO2e,No,Annual ESG Report
COMP114,ENV_SCOPE2,2024,165593,tCO2e,No,Annual ESG Report
COMP114,ENV_SCOPE3,2022,371264,tCO2e,Yes,Annual ESG Report
COMP114,ENV_SCOPE3,2023,397007,tCO2e,Yes,Annual ESG Report
COMP114,ENV_SCOPE3,2024,377789,tCO2e,No,Annual ESG Report
COMP114,ENV_ENERGY,2022,757928,MWh,No,Annual ESG Report
COMP114,ENV_ENERGY,2023,676865,MWh,No,Annual ESG Report
COMP114,ENV_ENERGY,2024,689530,MWh,No,Annual ESG Report
COMP114,ENV_RENEW_PCT,2022,33.11,%,Yes,Annual ESG Report
COMP114,ENV_RENEW_PCT,2023,38.22,%,No,Annual ESG Report
COMP114,ENV_RENEW_PCT,2024,40.04,%,No,Annual ESG Report
COMP114,ENV_WATER,2022,4.48,megalitres,No,Annual ESG Report
COMP114,ENV_WATER,2023,4.05,megalitres,Yes,Annual ESG Report
COMP114,ENV_WATER,2024,4.07,megalitres,No,Annual ESG Report
COMP114,ENV_EWASTE,2022,254,tonnes,No,Annual ESG Report
COMP114,ENV_EWASTE,2023,261,tonnes,No,Annual ESG Report
COMP114,ENV_EWASTE,2024,263,tonnes,No,Annual ESG Report
COMP114,ENV_EWASTE_REC_PCT,2022,86.1,%,No,Annual ESG Report
COMP114,ENV_EWASTE_REC_PCT,2023,94.71,%,No,Annual ESG Report
COMP114,ENV_EWASTE_REC_PCT,2024,90.97,%,No,Annual ESG Report
COMP114,ENV_DC_PUE,2022,1.34,ratio,No,Annual ESG Report
COMP114,ENV_DC_PUE,2023,1.421,ratio,No,Annual ESG Report
COMP114,ENV_DC_PUE,2024,1.398,ratio,No,Annual ESG Report
COMP114,SOC_HEADCOUNT,2022,44061,employees,No,Annual ESG Report
COMP114,SOC_HEADCOUNT,2023,42617,employees,No,Annual ESG Report
COMP114,SOC_HEADCOUNT,2024,47513,employees,No,Annual ESG Report
COMP114,SOC_FEMALE_PCT,2022,39.18,%,No,Annual ESG Report
COMP114,SOC_FEMALE_PCT,2023,45.16,%,No,Annual ESG Report
COMP114,SOC_FEMALE_PCT,2024,46.08,%,No,Annual ESG Report
COMP114,SOC_ATTRITION,2022,20.17,%,No,Annual ESG Report
COMP114,SOC_ATTRITION,2023,18.55,%,No,Annual ESG Report
COMP114,SOC_ATTRITION,2024,18.43,%,No,Annual ESG Report
COMP114,SOC_LTIFR,2022,0.17,per million hours,Yes,Annual ESG Report
COMP114,SOC_LTIFR,2023,0.16,per million hours,No,Annual ESG Report
COMP114,SOC_LTIFR,2024,0.15,per million hours,No,Annual ESG Report
COMP114,SOC_TRAINING_HRS,2022,51.0,hours,No,Annual ESG Report
COMP114,SOC_TRAINING_HRS,2023,55.1,hours,No,Annual ESG Report
COMP114,SOC_TRAINING_HRS,2024,58.3,hours,No,Annual ESG Report
COMP114,GOV_BOARD_INDEP_PCT,2022,68.61,%,Yes,Annual ESG Report
COMP114,GOV_BOARD_INDEP_PCT,2023,75.93,%,No,Annual ESG Report
COMP114,GOV_BOARD_INDEP_PCT,2024,78.92,%,No,Annual ESG Report
COMP114,GOV_WOMEN_BOARD_PCT,2022,33.92,%,No,Annual ESG Report
COMP114,GOV_WOMEN_BOARD_PCT,2023,30.24,%,No,Annual ESG Report
COMP114,GOV_WOMEN_BOARD_PCT,2024,32.66,%,No,Annual ESG Report
COMP114,GOV_DATA_BREACH,2022,1,incidents,No,Annual ESG Report
COMP114,GOV_DATA_BREACH,2023,1,incidents,No,Annual ESG Report
COMP114,GOV_DATA_BREACH,2024,1,incidents,Yes,Annual ESG Report
COMP114,GOV_ETHICS_TRAINING_PCT,2022,82.6,%,No,Annual ESG Report
COMP114,GOV_ETHICS_TRAINING_PCT,2023,88.59,%,No,Annual ESG Report
COMP114,GOV_ETHICS_TRAINING_PCT,2024,93.29,%,No,Annual ESG Report
